"","ScientificName","n","sciname","l1","SpeciesID"
"1","",2722,"",0,""
"2","Achalarus casica",57,"Achalarus casica",1,"Achalarus casica"
"3","Achalarus jalapus",2,"Achalarus jalapus",1,"Achalarus jalapus"
"4","Achalarus lyciades",837,"Achalarus lyciades",1,"Achalarus lyciades"
"5","Achalarus tehuacana",1,"Achalarus tehuacana",1,"Achalarus tehuacana"
"6","Achalarus toxeus",24,"Achalarus toxeus",1,"Achalarus toxeus"
"7","Achlyodes thraso",107,"Achlyodes thraso",1,"Achlyodes thraso"
"8","Adelpha",2,"Adelpha",0,"Adelpha"
"9","Adelpha basiloides",8,"Adelpha basiloides",1,"Adelpha basiloides"
"10","Adelpha bredowii",528,"Adelpha bredowii",1,"Adelpha bredowii"
"11","Adelpha bredowii eualia",2,"Adelpha bredowii eualia",2,"Adelpha bredowii"
"12","Adelpha fessonia",12,"Adelpha fessonia",1,"Adelpha fessonia"
"13","Adopaeoides prittwitzi",3,"Adopaeoides prittwitzi",1,"Adopaeoides prittwitzi"
"14","Agathymus aryxna",13,"Agathymus aryxna",1,"Agathymus aryxna"
"15","Agraulis vanillae",2335,"Agraulis vanillae",1,"Agraulis vanillae"
"16","Agriades",1,"Agriades",0,"Agriades"
"17","Agriades cassiope",4,"Agriades cassiope",1,"Agriades cassiope"
"18","Agriades glandon",116,"Agriades glandon",1,"Agriades glandon"
"19","Agriades glandon franklinii",7,"Agriades glandon franklinii",2,"Agriades glandon"
"20","Agriades glandon glandon",1,"Agriades glandon glandon",2,"Agriades glandon"
"21","Agriades glandon podarce",33,"Agriades glandon podarce",2,"Agriades glandon"
"22","Aguna asander",5,"Aguna asander",1,"Aguna asander"
"23","Aguna metophis",2,"Aguna metophis",1,"Aguna metophis"
"24","Amblyscirtes",25,"Amblyscirtes",0,"Amblyscirtes"
"25","Amblyscirtes aenus",93,"Amblyscirtes aenus",1,"Amblyscirtes aenus"
"26","Amblyscirtes aesculapius",364,"Amblyscirtes aesculapius",1,"Amblyscirtes aesculapius"
"27","Amblyscirtes alternata",32,"Amblyscirtes alternata",1,"Amblyscirtes alternata"
"28","Amblyscirtes belli",92,"Amblyscirtes belli",1,"Amblyscirtes belli"
"29","Amblyscirtes carolina",28,"Amblyscirtes carolina",1,"Amblyscirtes carolina"
"30","Amblyscirtes cassus",56,"Amblyscirtes cassus",1,"Amblyscirtes cassus"
"31","Amblyscirtes celia",166,"Amblyscirtes celia",1,"Amblyscirtes celia"
"32","Amblyscirtes elissa",38,"Amblyscirtes elissa",1,"Amblyscirtes elissa"
"33","Amblyscirtes eos",72,"Amblyscirtes eos",1,"Amblyscirtes eos"
"34","Amblyscirtes exoteria",60,"Amblyscirtes exoteria",1,"Amblyscirtes exoteria"
"35","Amblyscirtes fimbriata",30,"Amblyscirtes fimbriata",1,"Amblyscirtes fimbriata"
"36","Amblyscirtes hegon",79,"Amblyscirtes hegon",1,"Amblyscirtes hegon"
"37","Amblyscirtes nereus",43,"Amblyscirtes nereus",1,"Amblyscirtes nereus"
"38","Amblyscirtes nysa",145,"Amblyscirtes nysa",1,"Amblyscirtes nysa"
"39","Amblyscirtes oslari",16,"Amblyscirtes oslari",1,"Amblyscirtes oslari"
"40","Amblyscirtes phylace",16,"Amblyscirtes phylace",1,"Amblyscirtes phylace"
"41","Amblyscirtes reversa",26,"Amblyscirtes reversa",1,"Amblyscirtes reversa"
"42","Amblyscirtes texanae",45,"Amblyscirtes texanae",1,"Amblyscirtes texanae"
"43","Amblyscirtes tolteca",23,"Amblyscirtes tolteca",1,"Amblyscirtes tolteca"
"44","Amblyscirtes vialis",491,"Amblyscirtes vialis",1,"Amblyscirtes vialis"
"45","Anaea",4,"Anaea",0,"Anaea"
"46","Anaea aidea",61,"Anaea aidea",1,"Anaea aidea"
"47","Anaea andria",733,"Anaea andria",1,"Anaea andria"
"48","Anaea floridalis",17,"Anaea floridalis",1,"Anaea floridalis"
"49","Anaea pithyusa",1,"Anaea pithyusa",1,"Anaea pithyusa"
"50","Anartia fatima",20,"Anartia fatima",1,"Anartia fatima"
"51","Anartia jatrophae",731,"Anartia jatrophae",1,"Anartia jatrophae"
"52","Anatrytone logan",2672,"Anatrytone logan",1,"Anatrytone logan"
"53","Anatrytone mazai",1,"Anatrytone mazai",1,"Anatrytone mazai"
"54","Ancyloxypha arene",22,"Ancyloxypha arene",1,"Ancyloxypha arene"
"55","Ancyloxypha numitor",3861,"Ancyloxypha numitor",1,"Ancyloxypha numitor"
"56","Anteos clorinde",23,"Anteos clorinde",1,"Anteos clorinde"
"57","Anteos maerula",17,"Anteos maerula",1,"Anteos maerula"
"58","Anteros carausius",1,"Anteros carausius",1,"Anteros carausius"
"59","Anthocharis",3,"Anthocharis",0,"Anthocharis"
"60","Anthocharis cethura",19,"Anthocharis cethura",1,"Anthocharis cethura"
"61","Anthocharis cethura pima",5,"Anthocharis cethura pima",2,"Anthocharis cethura"
"62","Anthocharis lanceolata",46,"Anthocharis lanceolata",1,"Anthocharis lanceolata"
"63","Anthocharis midea",51,"Anthocharis midea",1,"Anthocharis midea"
"64","Anthocharis sara",142,"Anthocharis sara",1,"Anthocharis sara"
"65","Anthocharis sara sara",50,"Anthocharis sara sara",2,"Anthocharis sara"
"66","Anthocharis sara stella",56,"Anthocharis sara stella",2,"Anthocharis sara"
"67","Apodemia hepburni",1,"Apodemia hepburni",1,"Apodemia hepburni"
"68","Apodemia mormo",119,"Apodemia mormo",1,"Apodemia mormo"
"69","Apodemia nais",42,"Apodemia nais",1,"Apodemia nais"
"70","Apodemia palmeri",63,"Apodemia palmeri",1,"Apodemia palmeri"
"71","Apodemia walkeri",4,"Apodemia walkeri",1,"Apodemia walkeri"
"72","Appias drusilla",92,"Appias drusilla",1,"Appias drusilla"
"73","Asbolis capucinus",334,"Asbolis capucinus",1,"Asbolis capucinus"
"74","Ascia monuste",707,"Ascia monuste",1,"Ascia monuste"
"75","Asterocampa",83,"Asterocampa",0,"Asterocampa"
"76","Asterocampa celtis",2686,"Asterocampa celtis",1,"Asterocampa celtis"
"77","Asterocampa clyton",1922,"Asterocampa clyton",1,"Asterocampa clyton"
"78","Asterocampa leilia",136,"Asterocampa leilia",1,"Asterocampa leilia"
"79","Astraptes anaphus",1,"Astraptes anaphus",1,"Astraptes anaphus"
"80","Astraptes fulgerator",18,"Astraptes fulgerator",1,"Astraptes fulgerator"
"81","Astraptes gilberti",4,"Astraptes gilberti",1,"Astraptes gilberti"
"82","Atalopedes campestris",2436,"Atalopedes campestris",1,"Atalopedes campestris"
"83","Atlides halesus",374,"Atlides halesus",1,"Atlides halesus"
"84","Atlides rustan",1,"Atlides rustan",1,"Atlides rustan"
"85","Atrytone arogos",87,"Atrytone arogos",1,"Atrytone arogos"
"86","Atrytonopsis cestus",1,"Atrytonopsis cestus",1,"Atrytonopsis cestus"
"87","Atrytonopsis edwardsii",38,"Atrytonopsis edwardsii",1,"Atrytonopsis edwardsii"
"88","Atrytonopsis hianna",60,"Atrytonopsis hianna",1,"Atrytonopsis hianna"
"89","Atrytonopsis lunus",40,"Atrytonopsis lunus",1,"Atrytonopsis lunus"
"90","Atrytonopsis pittacus",8,"Atrytonopsis pittacus",1,"Atrytonopsis pittacus"
"91","Atrytonopsis python",2,"Atrytonopsis python",1,"Atrytonopsis python"
"92","Atrytonopsis vierecki",3,"Atrytonopsis vierecki",1,"Atrytonopsis vierecki"
"93","Autochton bipunctatus",1,"Autochton bipunctatus",1,"Autochton bipunctatus"
"94","Autochton cellus",116,"Autochton cellus",1,"Autochton cellus"
"95","Autochton cincta",4,"Autochton cincta",1,"Autochton cincta"
"96","Autochton neis",1,"Autochton neis",1,"Autochton neis"
"97","Autochton siermadror",1,"Autochton siermadror",1,"Autochton siermadror"
"98","Battus philenor",2804,"Battus philenor",1,"Battus philenor"
"99","Battus polydamas",364,"Battus polydamas",1,"Battus polydamas"
"100","Biblis hyperia",14,"Biblis hyperia",1,"Biblis hyperia"
"101","Bolla",3,"Bolla",0,"Bolla"
"102","Bolla clytius",1,"Bolla clytius",1,"Bolla clytius"
"103","Boloria",168,"Boloria",0,"Boloria"
"104","Boloria bellona",1568,"Boloria bellona",1,"Boloria bellona"
"105","Boloria chariclea",26,"Boloria chariclea",1,"Boloria chariclea"
"106","Boloria epithore",156,"Boloria epithore",1,"Boloria epithore"
"107","Boloria eunomia",28,"Boloria eunomia",1,"Boloria eunomia"
"108","Boloria freija",23,"Boloria freija",1,"Boloria freija"
"109","Boloria frigga",14,"Boloria frigga",1,"Boloria frigga"
"110","Boloria improba",2,"Boloria improba",1,"Boloria improba"
"111","Boloria kriemhild",14,"Boloria kriemhild",1,"Boloria kriemhild"
"112","Boloria montinus (formerly titania)",22,"Boloria montinus (formerly titania)",3,"Boloria montinus"
"113","Boloria napaea",3,"Boloria napaea",1,"Boloria napaea"
"114","Boloria selene",811,"Boloria selene",1,"Boloria selene"
"115","Brephidium exile",454,"Brephidium exile",1,"Brephidium exile"
"116","Brephidium isophthalma",153,"Brephidium isophthalma",1,"Brephidium isophthalma"
"117","Butterfly",81,"Butterfly",0,"Butterfly"
"118","Cabares potrillo",11,"Cabares potrillo",1,"Cabares potrillo"
"119","Calephelis",12,"Calephelis",0,"Calephelis"
"120","Calephelis arizonensis",33,"Calephelis arizonensis",1,"Calephelis arizonensis"
"121","Calephelis borealis",86,"Calephelis borealis",1,"Calephelis borealis"
"122","Calephelis mutica",32,"Calephelis mutica",1,"Calephelis mutica"
"123","Calephelis nemesis",229,"Calephelis nemesis",1,"Calephelis nemesis"
"124","Calephelis perditalis",94,"Calephelis perditalis",1,"Calephelis perditalis"
"125","Calephelis rawsoni",18,"Calephelis rawsoni",1,"Calephelis rawsoni"
"126","Calephelis virginiensis",265,"Calephelis virginiensis",1,"Calephelis virginiensis"
"127","Calephelis wrighti",22,"Calephelis wrighti",1,"Calephelis wrighti"
"128","Callophrys",17,"Callophrys",0,"Callophrys"
"129","Callophrys augustinus",252,"Callophrys augustinus",1,"Callophrys augustinus"
"130","Callophrys dumetorum",39,"Callophrys dumetorum",1,"Callophrys dumetorum"
"131","Callophrys dumetorum affinis",17,"Callophrys dumetorum affinis",2,"Callophrys dumetorum"
"132","Callophrys dumetorum apama",32,"Callophrys dumetorum apama",2,"Callophrys dumetorum"
"133","Callophrys dumetorum dumetorum",12,"Callophrys dumetorum dumetorum",2,"Callophrys dumetorum"
"134","Callophrys eryphon",142,"Callophrys eryphon",1,"Callophrys eryphon"
"135","Callophrys gryneus",473,"Callophrys gryneus",1,"Callophrys gryneus"
"136","Callophrys gryneus gryneus",335,"Callophrys gryneus gryneus",2,"Callophrys gryneus"
"137","Callophrys gryneus loki",7,"Callophrys gryneus loki",2,"Callophrys gryneus"
"138","Callophrys gryneus nelsoni",120,"Callophrys gryneus nelsoni",2,"Callophrys gryneus"
"139","Callophrys gryneus siva",136,"Callophrys gryneus siva",2,"Callophrys gryneus"
"140","Callophrys gryneus sweadneri",1,"Callophrys gryneus sweadneri",2,"Callophrys gryneus"
"141","Callophrys henrici",40,"Callophrys henrici",1,"Callophrys henrici"
"142","Callophrys hesseli",8,"Callophrys hesseli",1,"Callophrys hesseli"
"143","Callophrys irus",14,"Callophrys irus",1,"Callophrys irus"
"144","Callophrys johnsoni",19,"Callophrys johnsoni",1,"Callophrys johnsoni"
"145","Callophrys mossii",9,"Callophrys mossii",1,"Callophrys mossii"
"146","Callophrys niphon",72,"Callophrys niphon",1,"Callophrys niphon"
"147","Callophrys polios",24,"Callophrys polios",1,"Callophrys polios"
"148","Callophrys sheridanii",52,"Callophrys sheridanii",1,"Callophrys sheridanii"
"149","Callophrys sheridanii lemberti",3,"Callophrys sheridanii lemberti",2,"Callophrys sheridanii"
"150","Callophrys sheridanii sheridanii",1,"Callophrys sheridanii sheridanii",2,"Callophrys sheridanii"
"151","Callophrys spinetorum",153,"Callophrys spinetorum",1,"Callophrys spinetorum"
"152","Callophrys xami",3,"Callophrys xami",1,"Callophrys xami"
"153","Calpodes ethlius",347,"Calpodes ethlius",1,"Calpodes ethlius"
"154","Calycopis",5,"Calycopis",0,"Calycopis"
"155","Calycopis cecrops",1748,"Calycopis cecrops",1,"Calycopis cecrops"
"156","Calycopis isobeon",238,"Calycopis isobeon",1,"Calycopis isobeon"
"157","Caria ino",54,"Caria ino",1,"Caria ino"
"158","Carrhenes canescens",1,"Carrhenes canescens",1,"Carrhenes canescens"
"159","Carterocephalus palaemon",273,"Carterocephalus palaemon",1,"Carterocephalus palaemon"
"160","Catasticta nimbice",2,"Catasticta nimbice",1,"Catasticta nimbice"
"161","Celastrina",39,"Celastrina",0,"Celastrina"
"162","Celastrina ladon",1186,"Celastrina ladon",1,"Celastrina ladon"
"163","Celastrina ladon humulus",19,"Celastrina ladon humulus",2,"Celastrina ladon"
"164","Celastrina ladon ladon",135,"Celastrina ladon ladon",2,"Celastrina ladon"
"165","Celastrina ladon neglecta",3753,"Celastrina ladon neglecta",2,"Celastrina ladon"
"166","Celastrina ladon serotina",1,"Celastrina ladon serotina",2,"Celastrina ladon"
"167","Celastrina neglectamajor",58,"Celastrina neglectamajor",1,"Celastrina neglectamajor"
"168","Celotes",1,"Celotes",0,"Celotes"
"169","Celotes nessus",88,"Celotes nessus",1,"Celotes nessus"
"170","Cercyonis",83,"Cercyonis",0,"Cercyonis"
"171","Cercyonis meadii",18,"Cercyonis meadii",1,"Cercyonis meadii"
"172","Cercyonis oetus",313,"Cercyonis oetus",1,"Cercyonis oetus"
"173","Cercyonis pegala",4229,"Cercyonis pegala",1,"Cercyonis pegala"
"174","Cercyonis sthenele",254,"Cercyonis sthenele",1,"Cercyonis sthenele"
"175","Chioides catillus",220,"Chioides catillus",1,"Chioides catillus"
"176","Chioides zilpa",18,"Chioides zilpa",1,"Chioides zilpa"
"177","Chiomara asychis",27,"Chiomara asychis",1,"Chiomara asychis"
"178","Chlorostrymon maesites",3,"Chlorostrymon maesites",1,"Chlorostrymon maesites"
"179","Chlorostrymon simaethis",32,"Chlorostrymon simaethis",1,"Chlorostrymon simaethis"
"180","Chlosyne",34,"Chlosyne",0,"Chlosyne"
"181","Chlosyne acastus",62,"Chlosyne acastus",1,"Chlosyne acastus"
"182","Chlosyne californica",42,"Chlosyne californica",1,"Chlosyne californica"
"183","Chlosyne cyneas",15,"Chlosyne cyneas",1,"Chlosyne cyneas"
"184","Chlosyne definita",7,"Chlosyne definita",1,"Chlosyne definita"
"185","Chlosyne ehrenbergii",1,"Chlosyne ehrenbergii",1,"Chlosyne ehrenbergii"
"186","Chlosyne fulvia",18,"Chlosyne fulvia",1,"Chlosyne fulvia"
"187","Chlosyne gabbii",61,"Chlosyne gabbii",1,"Chlosyne gabbii"
"188","Chlosyne gorgone",276,"Chlosyne gorgone",1,"Chlosyne gorgone"
"189","Chlosyne harrisii",223,"Chlosyne harrisii",1,"Chlosyne harrisii"
"190","Chlosyne hoffmanni",88,"Chlosyne hoffmanni",1,"Chlosyne hoffmanni"
"191","Chlosyne janais",31,"Chlosyne janais",1,"Chlosyne janais"
"192","Chlosyne lacinia",284,"Chlosyne lacinia",1,"Chlosyne lacinia"
"193","Chlosyne leanira",71,"Chlosyne leanira",1,"Chlosyne leanira"
"194","Chlosyne nycteis",1596,"Chlosyne nycteis",1,"Chlosyne nycteis"
"195","Chlosyne palla",316,"Chlosyne palla",1,"Chlosyne palla"
"196","Chlosyne rosita",11,"Chlosyne rosita",1,"Chlosyne rosita"
"197","Chlosyne theona",107,"Chlosyne theona",1,"Chlosyne theona"
"198","Chlosyne whitneyi",11,"Chlosyne whitneyi",1,"Chlosyne whitneyi"
"199","Codatractus arizonensis",57,"Codatractus arizonensis",1,"Codatractus arizonensis"
"200","Codatractus mysie",7,"Codatractus mysie",1,"Codatractus mysie"
"201","Coenonympha",1,"Coenonympha",0,"Coenonympha"
"202","Coenonympha haydenii",44,"Coenonympha haydenii",1,"Coenonympha haydenii"
"203","Coenonympha tullia",1051,"Coenonympha tullia",1,"Coenonympha tullia"
"204","Coenonympha tullia ampelos",39,"Coenonympha tullia ampelos",2,"Coenonympha tullia"
"205","Coenonympha tullia california",235,"Coenonympha tullia california",2,"Coenonympha tullia"
"206","Coenonympha tullia inornata",295,"Coenonympha tullia inornata",2,"Coenonympha tullia"
"207","Coenonympha tullia ochracea",86,"Coenonympha tullia ochracea",2,"Coenonympha tullia"
"208","Cogia caicus",42,"Cogia caicus",1,"Cogia caicus"
"209","Cogia calchas",9,"Cogia calchas",1,"Cogia calchas"
"210","Cogia hippalus",99,"Cogia hippalus",1,"Cogia hippalus"
"211","Cogia outis",2,"Cogia outis",1,"Cogia outis"
"212","Coliadinae",356,"Coliadinae",0,"Coliadinae"
"213","Colias",311,"Colias",0,"Colias"
"214","Colias alexandra",224,"Colias alexandra",1,"Colias alexandra"
"215","Colias alexandra harfordii",41,"Colias alexandra harfordii",2,"Colias alexandra"
"216","Colias behrii",6,"Colias behrii",1,"Colias behrii"
"217","Colias canadensis",1,"Colias canadensis",1,"Colias canadensis"
"218","Colias cesonia",716,"Colias cesonia",1,"Colias cesonia"
"219","Colias christina",47,"Colias christina",1,"Colias christina"
"220","Colias eurydice",104,"Colias eurydice",1,"Colias eurydice"
"221","Colias eurytheme",5681,"Colias eurytheme",1,"Colias eurytheme"
"222","Colias gigantea",13,"Colias gigantea",1,"Colias gigantea"
"223","Colias interior",379,"Colias interior",1,"Colias interior"
"224","Colias meadii",12,"Colias meadii",1,"Colias meadii"
"225","Colias nastes",5,"Colias nastes",1,"Colias nastes"
"226","Colias occidentalis",68,"Colias occidentalis",1,"Colias occidentalis"
"227","Colias palaeno",3,"Colias palaeno",1,"Colias palaeno"
"228","Colias pelidne",20,"Colias pelidne",1,"Colias pelidne"
"229","Colias philodice",4819,"Colias philodice",1,"Colias philodice"
"230","Colias philodice/eurytheme",4,"Colias philodice/eurytheme",1,"Colias philodice/eurytheme"
"231","Colias scudderi",7,"Colias scudderi",1,"Colias scudderi"
"232","Copaeodes aurantiacus",350,"Copaeodes aurantiacus",1,"Copaeodes aurantiacus"
"233","Copaeodes minimus",1064,"Copaeodes minimus",1,"Copaeodes minimus"
"234","Cyanophrys herodotus",2,"Cyanophrys herodotus",1,"Cyanophrys herodotus"
"235","Cyanophrys longula",1,"Cyanophrys longula",1,"Cyanophrys longula"
"236","Cyllopsis",1,"Cyllopsis",0,"Cyllopsis"
"237","Cyllopsis gemma",812,"Cyllopsis gemma",1,"Cyllopsis gemma"
"238","Cyllopsis pertepida",37,"Cyllopsis pertepida",1,"Cyllopsis pertepida"
"239","Cyllopsis pyracmon",55,"Cyllopsis pyracmon",1,"Cyllopsis pyracmon"
"240","Cymaenes odilia",37,"Cymaenes odilia",1,"Cymaenes odilia"
"241","Cymaenes tripunctus",173,"Cymaenes tripunctus",1,"Cymaenes tripunctus"
"242","Danaus",22,"Danaus",0,"Danaus"
"243","Danaus eresimus",190,"Danaus eresimus",1,"Danaus eresimus"
"244","Danaus gilippus",1322,"Danaus gilippus",1,"Danaus gilippus"
"245","Danaus plexippus",5932,"Danaus plexippus",1,"Danaus plexippus"
"246","Decinea percosius",2,"Decinea percosius",1,"Decinea percosius"
"247","Dione juno",2,"Dione juno",1,"Dione juno"
"248","Dione moneta",11,"Dione moneta",1,"Dione moneta"
"249","Doxocopa laure",10,"Doxocopa laure",1,"Doxocopa laure"
"250","Doxocopa pavon",1,"Doxocopa pavon",1,"Doxocopa pavon"
"251","Dryas iulia",305,"Dryas iulia",1,"Dryas iulia"
"252","Dymasia dymas",114,"Dymasia dymas",1,"Dymasia dymas"
"253","Dynamine dyonis",2,"Dynamine dyonis",1,"Dynamine dyonis"
"254","Elbella scylla",1,"Elbella scylla",1,"Elbella scylla"
"255","Electrostrymon",1,"Electrostrymon",0,"Electrostrymon"
"256","Electrostrymon angelia",123,"Electrostrymon angelia",1,"Electrostrymon angelia"
"257","Electrostrymon guzanta",1,"Electrostrymon guzanta",1,"Electrostrymon guzanta"
"258","Electrostrymon mathewi",3,"Electrostrymon mathewi",1,"Electrostrymon mathewi"
"259","Emesis ares",26,"Emesis ares",1,"Emesis ares"
"260","Emesis emesia",5,"Emesis emesia",1,"Emesis emesia"
"261","Emesis tenedia",5,"Emesis tenedia",1,"Emesis tenedia"
"262","Emesis zela",55,"Emesis zela",1,"Emesis zela"
"263","Enodia",55,"Enodia",0,"Enodia"
"264","Enodia anthedon",2474,"Enodia anthedon",1,"Enodia anthedon"
"265","Enodia creola",245,"Enodia creola",1,"Enodia creola"
"266","Enodia portlandia",472,"Enodia portlandia",1,"Enodia portlandia"
"267","Epargyreus",1,"Epargyreus",0,"Epargyreus"
"268","Epargyreus clarus",5007,"Epargyreus clarus",1,"Epargyreus clarus"
"269","Epargyreus socus",7,"Epargyreus socus",1,"Epargyreus socus"
"270","Epargyreus zestos",2,"Epargyreus zestos",1,"Epargyreus zestos"
"271","Ephyriades brunneus",62,"Ephyriades brunneus",1,"Ephyriades brunneus"
"272","Epiphile adrasta",3,"Epiphile adrasta",1,"Epiphile adrasta"
"273","Erebia",11,"Erebia",0,"Erebia"
"274","Erebia callias",6,"Erebia callias",1,"Erebia callias"
"275","Erebia dabanensis",1,"Erebia dabanensis",1,"Erebia dabanensis"
"276","Erebia disa",4,"Erebia disa",1,"Erebia disa"
"277","Erebia discoidalis",10,"Erebia discoidalis",1,"Erebia discoidalis"
"278","Erebia epipsodea",217,"Erebia epipsodea",1,"Erebia epipsodea"
"279","Erebia magdalena",2,"Erebia magdalena",1,"Erebia magdalena"
"280","Erebia mancinus",4,"Erebia mancinus",1,"Erebia mancinus"
"281","Erebia occulta",1,"Erebia occulta",1,"Erebia occulta"
"282","Erebia rossii",1,"Erebia rossii",1,"Erebia rossii"
"283","Erebia theano",7,"Erebia theano",1,"Erebia theano"
"284","Eresia phillyra",2,"Eresia phillyra",1,"Eresia phillyra"
"285","Erora laeta",8,"Erora laeta",1,"Erora laeta"
"286","Erora quaderna",43,"Erora quaderna",1,"Erora quaderna"
"287","Erynnis",380,"Erynnis",0,"Erynnis"
"288","Erynnis afranius",48,"Erynnis afranius",1,"Erynnis afranius"
"289","Erynnis baptisiae",1827,"Erynnis baptisiae",1,"Erynnis baptisiae"
"290","Erynnis brizo",73,"Erynnis brizo",1,"Erynnis brizo"
"291","Erynnis funeralis",697,"Erynnis funeralis",1,"Erynnis funeralis"
"292","Erynnis horatius",2964,"Erynnis horatius",1,"Erynnis horatius"
"293","Erynnis icelus",312,"Erynnis icelus",1,"Erynnis icelus"
"294","Erynnis juvenalis",360,"Erynnis juvenalis",1,"Erynnis juvenalis"
"295","Erynnis juvenalis clitus",2,"Erynnis juvenalis clitus",2,"Erynnis juvenalis"
"296","Erynnis lucilius",86,"Erynnis lucilius",1,"Erynnis lucilius"
"297","Erynnis martialis",64,"Erynnis martialis",1,"Erynnis martialis"
"298","Erynnis meridianus",30,"Erynnis meridianus",1,"Erynnis meridianus"
"299","Erynnis pacuvius",248,"Erynnis pacuvius",1,"Erynnis pacuvius"
"300","Erynnis persius",252,"Erynnis persius",1,"Erynnis persius"
"301","Erynnis propertius",228,"Erynnis propertius",1,"Erynnis propertius"
"302","Erynnis scudderi",4,"Erynnis scudderi",1,"Erynnis scudderi"
"303","Erynnis telemachus",22,"Erynnis telemachus",1,"Erynnis telemachus"
"304","Erynnis tristis",390,"Erynnis tristis",1,"Erynnis tristis"
"305","Erynnis zarucco",712,"Erynnis zarucco",1,"Erynnis zarucco"
"306","Euchloe",1,"Euchloe",0,"Euchloe"
"307","Euchloe ausonides",197,"Euchloe ausonides",1,"Euchloe ausonides"
"308","Euchloe creusa",4,"Euchloe creusa",1,"Euchloe creusa"
"309","Euchloe hyantis",14,"Euchloe hyantis",1,"Euchloe hyantis"
"310","Euchloe hyantis hyantis",23,"Euchloe hyantis hyantis",2,"Euchloe hyantis"
"311","Euchloe hyantis lotta",17,"Euchloe hyantis lotta",2,"Euchloe hyantis"
"312","Euchloe olympia",26,"Euchloe olympia",1,"Euchloe olympia"
"313","Eumaeus atala",123,"Eumaeus atala",1,"Eumaeus atala"
"314","Eumaeus childrenae",2,"Eumaeus childrenae",1,"Eumaeus childrenae"
"315","Eunica monima",23,"Eunica monima",1,"Eunica monima"
"316","Eunica tatila",20,"Eunica tatila",1,"Eunica tatila"
"317","Euphilotes",6,"Euphilotes",0,"Euphilotes"
"318","Euphilotes battoides",197,"Euphilotes battoides",1,"Euphilotes battoides"
"319","Euphilotes battoides allyni",16,"Euphilotes battoides allyni",2,"Euphilotes battoides"
"320","Euphilotes battoides bernardino",111,"Euphilotes battoides bernardino",2,"Euphilotes battoides"
"321","Euphilotes battoides intermedia",5,"Euphilotes battoides intermedia",2,"Euphilotes battoides"
"322","Euphilotes enoptes",281,"Euphilotes enoptes",1,"Euphilotes enoptes"
"323","Euphilotes enoptes ancilla",23,"Euphilotes enoptes ancilla",2,"Euphilotes enoptes"
"324","Euphilotes enoptes enoptes",1,"Euphilotes enoptes enoptes",2,"Euphilotes enoptes"
"325","Euphilotes enoptes mojave",12,"Euphilotes enoptes mojave",2,"Euphilotes enoptes"
"326","Euphilotes rita",6,"Euphilotes rita",1,"Euphilotes rita"
"327","Euphilotes spaldingi",2,"Euphilotes spaldingi",1,"Euphilotes spaldingi"
"328","Euphydryas",9,"Euphydryas",0,"Euphydryas"
"329","Euphydryas chalcedona",302,"Euphydryas chalcedona",1,"Euphydryas chalcedona"
"330","Euphydryas chalcedona anicia",63,"Euphydryas chalcedona anicia",2,"Euphydryas chalcedona"
"331","Euphydryas chalcedona chalcedona",108,"Euphydryas chalcedona chalcedona",2,"Euphydryas chalcedona"
"332","Euphydryas chalcedona colon",45,"Euphydryas chalcedona colon",2,"Euphydryas chalcedona"
"333","Euphydryas editha",172,"Euphydryas editha",1,"Euphydryas editha"
"334","Euphydryas gillettii",24,"Euphydryas gillettii",1,"Euphydryas gillettii"
"335","Euphydryas phaeton",1113,"Euphydryas phaeton",1,"Euphydryas phaeton"
"336","Euphyes",2,"Euphyes",0,"Euphyes"
"337","Euphyes arpa",106,"Euphyes arpa",1,"Euphyes arpa"
"338","Euphyes bayensis",2,"Euphyes bayensis",1,"Euphyes bayensis"
"339","Euphyes berryi",59,"Euphyes berryi",1,"Euphyes berryi"
"340","Euphyes bimacula",123,"Euphyes bimacula",1,"Euphyes bimacula"
"341","Euphyes conspicua",656,"Euphyes conspicua",1,"Euphyes conspicua"
"342","Euphyes dion",740,"Euphyes dion",1,"Euphyes dion"
"343","Euphyes dukesi",82,"Euphyes dukesi",1,"Euphyes dukesi"
"344","Euphyes pilatka",117,"Euphyes pilatka",1,"Euphyes pilatka"
"345","Euphyes vestris",4460,"Euphyes vestris",1,"Euphyes vestris"
"346","Euptoieta",1,"Euptoieta",0,"Euptoieta"
"347","Euptoieta claudia",3033,"Euptoieta claudia",1,"Euptoieta claudia"
"348","Euptoieta hegesia",41,"Euptoieta hegesia",1,"Euptoieta hegesia"
"349","Eurema",21,"Eurema",0,"Eurema"
"350","Eurema boisduvaliana",13,"Eurema boisduvaliana",1,"Eurema boisduvaliana"
"351","Eurema daira",725,"Eurema daira",1,"Eurema daira"
"352","Eurema dina",43,"Eurema dina",1,"Eurema dina"
"353","Eurema lisa",2232,"Eurema lisa",1,"Eurema lisa"
"354","Eurema mexicana",204,"Eurema mexicana",1,"Eurema mexicana"
"355","Eurema nicippe",2346,"Eurema nicippe",1,"Eurema nicippe"
"356","Eurema nise",48,"Eurema nise",1,"Eurema nise"
"357","Eurema proterpia",72,"Eurema proterpia",1,"Eurema proterpia"
"358","Eurytides dioxippus",1,"Eurytides dioxippus",1,"Eurytides dioxippus"
"359","Eurytides marcellus",1403,"Eurytides marcellus",1,"Eurytides marcellus"
"360","Eurytides philolaus",3,"Eurytides philolaus",1,"Eurytides philolaus"
"361","Everes",3,"Everes",0,"Everes"
"362","Everes amyntula",373,"Everes amyntula",1,"Everes amyntula"
"363","Everes comyntas",4626,"Everes comyntas",1,"Everes comyntas"
"364","Feniseca tarquinius",563,"Feniseca tarquinius",1,"Feniseca tarquinius"
"365","Ganyra josephina",15,"Ganyra josephina",1,"Ganyra josephina"
"366","Gesta gesta",40,"Gesta gesta",1,"Gesta gesta"
"367","Glaucopsyche lygdamus",667,"Glaucopsyche lygdamus",1,"Glaucopsyche lygdamus"
"368","Glaucopsyche piasus",176,"Glaucopsyche piasus",1,"Glaucopsyche piasus"
"369","Gorgythion begga",4,"Gorgythion begga",1,"Gorgythion begga"
"370","Grais stigmatica",9,"Grais stigmatica",1,"Grais stigmatica"
"371","Gyrocheilus patrobas",9,"Gyrocheilus patrobas",1,"Gyrocheilus patrobas"
"372","Habrodais grunus",102,"Habrodais grunus",1,"Habrodais grunus"
"373","Hamadryas atlantis",1,"Hamadryas atlantis",1,"Hamadryas atlantis"
"374","Hamadryas februa",9,"Hamadryas februa",1,"Hamadryas februa"
"375","Hamadryas guatemalena",1,"Hamadryas guatemalena",1,"Hamadryas guatemalena"
"376","Heliconiinae",53,"Heliconiinae",0,"Heliconiinae"
"377","Heliconius charithonia",839,"Heliconius charithonia",1,"Heliconius charithonia"
"378","Heliconius erato",2,"Heliconius erato",1,"Heliconius erato"
"379","Heliopetes",2,"Heliopetes",0,"Heliopetes"
"380","Heliopetes domicella",17,"Heliopetes domicella",1,"Heliopetes domicella"
"381","Heliopetes ericetorum",195,"Heliopetes ericetorum",1,"Heliopetes ericetorum"
"382","Heliopetes laviana",77,"Heliopetes laviana",1,"Heliopetes laviana"
"383","Heliopetes macaira",83,"Heliopetes macaira",1,"Heliopetes macaira"
"384","Heliopetes sublinea",4,"Heliopetes sublinea",1,"Heliopetes sublinea"
"385","Hemiargus ammon",5,"Hemiargus ammon",1,"Hemiargus ammon"
"386","Hemiargus ceraunus",1149,"Hemiargus ceraunus",1,"Hemiargus ceraunus"
"387","Hemiargus isola",707,"Hemiargus isola",1,"Hemiargus isola"
"388","Hemiargus thomasi",10,"Hemiargus thomasi",1,"Hemiargus thomasi"
"389","Hermeuptychia sosybius",1897,"Hermeuptychia sosybius",1,"Hermeuptychia sosybius"
"390","Hesperia",21,"Hesperia",0,"Hesperia"
"391","Hesperia attalus",35,"Hesperia attalus",1,"Hesperia attalus"
"392","Hesperia columbia",11,"Hesperia columbia",1,"Hesperia columbia"
"393","Hesperia comma",266,"Hesperia comma",1,"Hesperia comma"
"394","Hesperia comma assiniboia",5,"Hesperia comma assiniboia",2,"Hesperia comma"
"395","Hesperia comma colorado",43,"Hesperia comma colorado",2,"Hesperia comma"
"396","Hesperia dacotae",7,"Hesperia dacotae",1,"Hesperia dacotae"
"397","Hesperia juba",148,"Hesperia juba",1,"Hesperia juba"
"398","Hesperia leonardus",17,"Hesperia leonardus",1,"Hesperia leonardus"
"399","Hesperia lindseyi",46,"Hesperia lindseyi",1,"Hesperia lindseyi"
"400","Hesperia meskei",20,"Hesperia meskei",1,"Hesperia meskei"
"401","Hesperia metea",8,"Hesperia metea",1,"Hesperia metea"
"402","Hesperia miriamae",3,"Hesperia miriamae",1,"Hesperia miriamae"
"403","Hesperia nevada",42,"Hesperia nevada",1,"Hesperia nevada"
"404","Hesperia ottoe",25,"Hesperia ottoe",1,"Hesperia ottoe"
"405","Hesperia pahaska",70,"Hesperia pahaska",1,"Hesperia pahaska"
"406","Hesperia sassacus",158,"Hesperia sassacus",1,"Hesperia sassacus"
"407","Hesperia uncas",30,"Hesperia uncas",1,"Hesperia uncas"
"408","Hesperia viridis",32,"Hesperia viridis",1,"Hesperia viridis"
"409","Hesperia woodgatei",1,"Hesperia woodgatei",1,"Hesperia woodgatei"
"410","Hesperiidae",686,"Hesperiidae",0,"Hesperiidae"
"411","Hesperiinae",614,"Hesperiinae",0,"Hesperiinae"
"412","Hesperopsis alpheus",27,"Hesperopsis alpheus",1,"Hesperopsis alpheus"
"413","Hesperopsis libya",6,"Hesperopsis libya",1,"Hesperopsis libya"
"414","Heteropterinae",3,"Heteropterinae",0,"Heteropterinae"
"415","Historis acheronta",1,"Historis acheronta",1,"Historis acheronta"
"416","Hylephila phyleus",3138,"Hylephila phyleus",1,"Hylephila phyleus"
"417","Hypaurotis crysalus",25,"Hypaurotis crysalus",1,"Hypaurotis crysalus"
"418","Junonia",13,"Junonia",0,"Junonia"
"419","Junonia coenia",4491,"Junonia coenia",1,"Junonia coenia"
"420","Junonia evarete",185,"Junonia evarete",1,"Junonia evarete"
"421","Junonia genoveva",51,"Junonia genoveva",1,"Junonia genoveva"
"422","Junonia genoveva (form nigrosuffusa)",41,"Junonia genoveva (form nigrosuffusa)",3,"Junonia genoveva"
"423","Kricogonia lyside",256,"Kricogonia lyside",1,"Kricogonia lyside"
"424","Lasaia maria",1,"Lasaia maria",1,"Lasaia maria"
"425","Lasaia sula",3,"Lasaia sula",1,"Lasaia sula"
"426","Leptophobia aripa",4,"Leptophobia aripa",1,"Leptophobia aripa"
"427","Leptotes cassius",610,"Leptotes cassius",1,"Leptotes cassius"
"428","Leptotes marina",467,"Leptotes marina",1,"Leptotes marina"
"429","Lerema accius",1751,"Lerema accius",1,"Lerema accius"
"430","Lerodea arabus",11,"Lerodea arabus",1,"Lerodea arabus"
"431","Lerodea dysaules",14,"Lerodea dysaules",1,"Lerodea dysaules"
"432","Lerodea eufala",1123,"Lerodea eufala",1,"Lerodea eufala"
"433","Libytheana carinenta",2046,"Libytheana carinenta",1,"Libytheana carinenta"
"434","Limenitidinae",2,"Limenitidinae",0,"Limenitidinae"
"435","Limenitis",2,"Limenitis",0,"Limenitis"
"436","Limenitis archippus",3940,"Limenitis archippus",1,"Limenitis archippus"
"437","Limenitis arthemis",265,"Limenitis arthemis",1,"Limenitis arthemis"
"438","Limenitis arthemis arthemis",1056,"Limenitis arthemis arthemis",2,"Limenitis arthemis"
"439","Limenitis arthemis artXast",1,"Limenitis arthemis artXast",2,"Limenitis arthemis"
"440","Limenitis arthemis astyanax",3516,"Limenitis arthemis astyanax",2,"Limenitis arthemis"
"441","Limenitis arthemisXarchippus",1,"Limenitis arthemisXarchippus",1,"Limenitis arthemisXarchippus"
"442","Limenitis lorquini",586,"Limenitis lorquini",1,"Limenitis lorquini"
"443","Limenitis lorquiniXarthemis",1,"Limenitis lorquiniXarthemis",1,"Limenitis lorquiniXarthemis"
"444","Limenitis weidemeyerii",199,"Limenitis weidemeyerii",1,"Limenitis weidemeyerii"
"445","Lycaeides",1,"Lycaeides",0,"Lycaeides"
"446","Lycaeides idas",199,"Lycaeides idas",1,"Lycaeides idas"
"447","Lycaeides melissa",514,"Lycaeides melissa",1,"Lycaeides melissa"
"448","Lycaeides melissa samuelis",93,"Lycaeides melissa samuelis",2,"Lycaeides melissa"
"449","Lycaena",34,"Lycaena",0,"Lycaena"
"450","Lycaena arota",131,"Lycaena arota",1,"Lycaena arota"
"451","Lycaena cupreus",64,"Lycaena cupreus",1,"Lycaena cupreus"
"452","Lycaena dione",159,"Lycaena dione",1,"Lycaena dione"
"453","Lycaena dorcas",100,"Lycaena dorcas",1,"Lycaena dorcas"
"454","Lycaena editha",151,"Lycaena editha",1,"Lycaena editha"
"455","Lycaena epixanthe",316,"Lycaena epixanthe",1,"Lycaena epixanthe"
"456","Lycaena gorgon",137,"Lycaena gorgon",1,"Lycaena gorgon"
"457","Lycaena helloides",485,"Lycaena helloides",1,"Lycaena helloides"
"458","Lycaena heteronea",211,"Lycaena heteronea",1,"Lycaena heteronea"
"459","Lycaena hyllus",729,"Lycaena hyllus",1,"Lycaena hyllus"
"460","Lycaena mariposa",80,"Lycaena mariposa",1,"Lycaena mariposa"
"461","Lycaena nivalis",154,"Lycaena nivalis",1,"Lycaena nivalis"
"462","Lycaena phlaeas",1632,"Lycaena phlaeas",1,"Lycaena phlaeas"
"463","Lycaena rubidus",125,"Lycaena rubidus",1,"Lycaena rubidus"
"464","Lycaena xanthoides",168,"Lycaena xanthoides",1,"Lycaena xanthoides"
"465","Lycaenidae",111,"Lycaenidae",0,"Lycaenidae"
"466","Lycaeninae",33,"Lycaeninae",0,"Lycaeninae"
"467","Marpesia chiron",2,"Marpesia chiron",1,"Marpesia chiron"
"468","Marpesia petreus",231,"Marpesia petreus",1,"Marpesia petreus"
"469","Megathymus cofaqui",19,"Megathymus cofaqui",1,"Megathymus cofaqui"
"470","Megathymus streckeri",4,"Megathymus streckeri",1,"Megathymus streckeri"
"471","Megathymus ursus",6,"Megathymus ursus",1,"Megathymus ursus"
"472","Megathymus yuccae",16,"Megathymus yuccae",1,"Megathymus yuccae"
"473","Megisto cymela",3208,"Megisto cymela",1,"Megisto cymela"
"474","Megisto rubricata",124,"Megisto rubricata",1,"Megisto rubricata"
"475","Melanis pixe",20,"Melanis pixe",1,"Melanis pixe"
"476","Mestra amymone",105,"Mestra amymone",1,"Mestra amymone"
"477","Microtia elva",25,"Microtia elva",1,"Microtia elva"
"478","Ministrymon azia",20,"Ministrymon azia",1,"Ministrymon azia"
"479","Ministrymon clytie",34,"Ministrymon clytie",1,"Ministrymon clytie"
"480","Ministrymon leda",76,"Ministrymon leda",1,"Ministrymon leda"
"481","Morpho polyphemus",1,"Morpho polyphemus",1,"Morpho polyphemus"
"482","Myscelia cyananthe",1,"Myscelia cyananthe",1,"Myscelia cyananthe"
"483","Myscelia ethusa",28,"Myscelia ethusa",1,"Myscelia ethusa"
"484","Nastra",13,"Nastra",0,"Nastra"
"485","Nastra julia",93,"Nastra julia",1,"Nastra julia"
"486","Nastra lherminier",798,"Nastra lherminier",1,"Nastra lherminier"
"487","Nastra neamathla",74,"Nastra neamathla",1,"Nastra neamathla"
"488","Nathalis iole",1696,"Nathalis iole",1,"Nathalis iole"
"489","Neominois ridingsii",36,"Neominois ridingsii",1,"Neominois ridingsii"
"490","Neonympha areolata",183,"Neonympha areolata",1,"Neonympha areolata"
"491","Neonympha mitchellii",1,"Neonympha mitchellii",1,"Neonympha mitchellii"
"492","Neophasia menapia",60,"Neophasia menapia",1,"Neophasia menapia"
"493","Neophasia terlootii",9,"Neophasia terlootii",1,"Neophasia terlootii"
"494","Noctuana lactifera",2,"Noctuana lactifera",1,"Noctuana lactifera"
"495","Notamblyscirtes simius",3,"Notamblyscirtes simius",1,"Notamblyscirtes simius"
"496","Nyctelius nyctelius",2,"Nyctelius nyctelius",1,"Nyctelius nyctelius"
"497","Nymphalidae",222,"Nymphalidae",0,"Nymphalidae"
"498","Nymphalinae",37,"Nymphalinae",0,"Nymphalinae"
"499","Nymphalis",5,"Nymphalis",0,"Nymphalis"
"500","Nymphalis antiopa",2784,"Nymphalis antiopa",1,"Nymphalis antiopa"
"501","Nymphalis californica",302,"Nymphalis californica",1,"Nymphalis californica"
"502","Nymphalis milberti",773,"Nymphalis milberti",1,"Nymphalis milberti"
"503","Nymphalis vaualbum",359,"Nymphalis vaualbum",1,"Nymphalis vaualbum"
"504","Oarisma edwardsii",31,"Oarisma edwardsii",1,"Oarisma edwardsii"
"505","Oarisma garita",209,"Oarisma garita",1,"Oarisma garita"
"506","Oarisma poweshiek",22,"Oarisma poweshiek",1,"Oarisma poweshiek"
"507","Ochlodes",1,"Ochlodes",0,"Ochlodes"
"508","Ochlodes agricola",247,"Ochlodes agricola",1,"Ochlodes agricola"
"509","Ochlodes sylvanoides",216,"Ochlodes sylvanoides",1,"Ochlodes sylvanoides"
"510","Ochlodes yuma",33,"Ochlodes yuma",1,"Ochlodes yuma"
"511","Oeneis",9,"Oeneis",0,"Oeneis"
"512","Oeneis alberta",4,"Oeneis alberta",1,"Oeneis alberta"
"513","Oeneis chryxus",120,"Oeneis chryxus",1,"Oeneis chryxus"
"514","Oeneis chryxus chryxus",1,"Oeneis chryxus chryxus",2,"Oeneis chryxus"
"515","Oeneis jutta",21,"Oeneis jutta",1,"Oeneis jutta"
"516","Oeneis macounii",22,"Oeneis macounii",1,"Oeneis macounii"
"517","Oeneis melissa",2,"Oeneis melissa",1,"Oeneis melissa"
"518","Oeneis nevadensis",61,"Oeneis nevadensis",1,"Oeneis nevadensis"
"519","Oeneis polixenes",2,"Oeneis polixenes",1,"Oeneis polixenes"
"520","Oeneis taygete",5,"Oeneis taygete",1,"Oeneis taygete"
"521","Oeneis uhleri",58,"Oeneis uhleri",1,"Oeneis uhleri"
"522","Oligoria maculata",349,"Oligoria maculata",1,"Oligoria maculata"
"523","Opsiphanes cassina",1,"Opsiphanes cassina",1,"Opsiphanes cassina"
"524","Panoquina fusina",1,"Panoquina fusina",1,"Panoquina fusina"
"525","Panoquina lucas",7,"Panoquina lucas",1,"Panoquina lucas"
"526","Panoquina ocola",1004,"Panoquina ocola",1,"Panoquina ocola"
"527","Panoquina panoquin",246,"Panoquina panoquin",1,"Panoquina panoquin"
"528","Panoquina panoquinoides",96,"Panoquina panoquinoides",1,"Panoquina panoquinoides"
"529","Panthiades bathildis",1,"Panthiades bathildis",1,"Panthiades bathildis"
"530","Papilio",187,"Papilio",0,"Papilio"
"531","Papilio anchisiades",11,"Papilio anchisiades",1,"Papilio anchisiades"
"532","Papilio andraemon",3,"Papilio andraemon",1,"Papilio andraemon"
"533","Papilio aristodemus",21,"Papilio aristodemus",1,"Papilio aristodemus"
"534","Papilio astyalus",2,"Papilio astyalus",1,"Papilio astyalus"
"535","Papilio brevicauda",1,"Papilio brevicauda",1,"Papilio brevicauda"
"536","Papilio canadensis",721,"Papilio canadensis",1,"Papilio canadensis"
"537","Papilio cresphontes",2322,"Papilio cresphontes",1,"Papilio cresphontes"
"538","Papilio erostratus",1,"Papilio erostratus",1,"Papilio erostratus"
"539","Papilio eurymedon",616,"Papilio eurymedon",1,"Papilio eurymedon"
"540","Papilio garamas",2,"Papilio garamas",1,"Papilio garamas"
"541","Papilio glaucus",5114,"Papilio glaucus",1,"Papilio glaucus"
"542","Papilio indra",87,"Papilio indra",1,"Papilio indra"
"543","Papilio machaon",31,"Papilio machaon",1,"Papilio machaon"
"544","Papilio machaon bairdii",9,"Papilio machaon bairdii",2,"Papilio machaon"
"545","Papilio machaon oregonius",1,"Papilio machaon oregonius",2,"Papilio machaon"
"546","Papilio multicaudata",544,"Papilio multicaudata",1,"Papilio multicaudata"
"547","Papilio ornythion",14,"Papilio ornythion",1,"Papilio ornythion"
"548","Papilio palamedes",1161,"Papilio palamedes",1,"Papilio palamedes"
"549","Papilio pharnaces",1,"Papilio pharnaces",1,"Papilio pharnaces"
"550","Papilio pilumnus",2,"Papilio pilumnus",1,"Papilio pilumnus"
"551","Papilio polyxenes",4669,"Papilio polyxenes",1,"Papilio polyxenes"
"552","Papilio polyxenes coloro",1,"Papilio polyxenes coloro",2,"Papilio polyxenes"
"553","Papilio rutulus",875,"Papilio rutulus",1,"Papilio rutulus"
"554","Papilio troilus",3944,"Papilio troilus",1,"Papilio troilus"
"555","Papilio zelicaon",515,"Papilio zelicaon",1,"Papilio zelicaon"
"556","Papilionidae",18,"Papilionidae",0,"Papilionidae"
"557","Papilioninae",484,"Papilioninae",0,"Papilioninae"
"558","Paramacera allyni",13,"Paramacera allyni",1,"Paramacera allyni"
"559","Paratrytone snowi",24,"Paratrytone snowi",1,"Paratrytone snowi"
"560","Parides montezuma",2,"Parides montezuma",1,"Parides montezuma"
"561","Parides photinus",4,"Parides photinus",1,"Parides photinus"
"562","Parnassius",26,"Parnassius",0,"Parnassius"
"563","Parnassius clodius",190,"Parnassius clodius",1,"Parnassius clodius"
"564","Parnassius eversmanni",1,"Parnassius eversmanni",1,"Parnassius eversmanni"
"565","Parnassius phoebus",37,"Parnassius phoebus",1,"Parnassius phoebus"
"566","Parnassius phoebus behrii",4,"Parnassius phoebus behrii",2,"Parnassius phoebus"
"567","Parnassius phoebus smintheus",127,"Parnassius phoebus smintheus",2,"Parnassius phoebus"
"568","Parrhasius m-album",315,"Parrhasius m-album",1,"Parrhasius m-album"
"569","Parrhasius moctezuma",3,"Parrhasius moctezuma",1,"Parrhasius moctezuma"
"570","Pellicia arina",4,"Pellicia arina",1,"Pellicia arina"
"571","Phaeostrymon alcestis",40,"Phaeostrymon alcestis",1,"Phaeostrymon alcestis"
"572","Philotes sonorensis",8,"Philotes sonorensis",1,"Philotes sonorensis"
"573","Phocides pigmalion",191,"Phocides pigmalion",1,"Phocides pigmalion"
"574","Phocides polybius",17,"Phocides polybius",1,"Phocides polybius"
"575","Phocides urania",5,"Phocides urania",1,"Phocides urania"
"576","Phoebis",30,"Phoebis",0,"Phoebis"
"577","Phoebis agarithe",531,"Phoebis agarithe",1,"Phoebis agarithe"
"578","Phoebis neleis",26,"Phoebis neleis",1,"Phoebis neleis"
"579","Phoebis philea",400,"Phoebis philea",1,"Phoebis philea"
"580","Phoebis sennae",3098,"Phoebis sennae",1,"Phoebis sennae"
"581","Phoebis statira",132,"Phoebis statira",1,"Phoebis statira"
"582","Pholisora",2,"Pholisora",0,"Pholisora"
"583","Pholisora catullus",1655,"Pholisora catullus",1,"Pholisora catullus"
"584","Pholisora mejicana",4,"Pholisora mejicana",1,"Pholisora mejicana"
"585","Phyciodes",226,"Phyciodes",0,"Phyciodes"
"586","Phyciodes ardys",1,"Phyciodes ardys",1,"Phyciodes ardys"
"587","Phyciodes argentea",3,"Phyciodes argentea",1,"Phyciodes argentea"
"588","Phyciodes batesii",166,"Phyciodes batesii",1,"Phyciodes batesii"
"589","Phyciodes campestris",542,"Phyciodes campestris",1,"Phyciodes campestris"
"590","Phyciodes frisia",21,"Phyciodes frisia",1,"Phyciodes frisia"
"591","Phyciodes mylitta",592,"Phyciodes mylitta",1,"Phyciodes mylitta"
"592","Phyciodes orseis",15,"Phyciodes orseis",1,"Phyciodes orseis"
"593","Phyciodes pallida",52,"Phyciodes pallida",1,"Phyciodes pallida"
"594","Phyciodes phaon",1392,"Phyciodes phaon",1,"Phyciodes phaon"
"595","Phyciodes picta",66,"Phyciodes picta",1,"Phyciodes picta"
"596","Phyciodes selenis",1340,"Phyciodes selenis",1,"Phyciodes selenis"
"597","Phyciodes texana",309,"Phyciodes texana",1,"Phyciodes texana"
"598","Phyciodes texana seminole",2,"Phyciodes texana seminole",2,"Phyciodes texana"
"599","Phyciodes tharos",5627,"Phyciodes tharos",1,"Phyciodes tharos"
"600","Phyciodes tulcis",21,"Phyciodes tulcis",1,"Phyciodes tulcis"
"601","Phyciodes vesta",141,"Phyciodes vesta",1,"Phyciodes vesta"
"602","Pieridae",117,"Pieridae",0,"Pieridae"
"603","Pierinae",400,"Pierinae",0,"Pierinae"
"604","Pieris",121,"Pieris",0,"Pieris"
"605","Pieris napi",469,"Pieris napi",1,"Pieris napi"
"606","Pieris napi marginalis",136,"Pieris napi marginalis",2,"Pieris napi"
"607","Pieris napi oleracea",126,"Pieris napi oleracea",2,"Pieris napi"
"608","Pieris rapae",5687,"Pieris rapae",1,"Pieris rapae"
"609","Pieris virginiensis",8,"Pieris virginiensis",1,"Pieris virginiensis"
"610","Piruna ajijiciensis",1,"Piruna ajijiciensis",1,"Piruna ajijiciensis"
"611","Piruna cingo",35,"Piruna cingo",1,"Piruna cingo"
"612","Piruna microstictus",1,"Piruna microstictus",1,"Piruna microstictus"
"613","Piruna penaea",3,"Piruna penaea",1,"Piruna penaea"
"614","Piruna pirus",70,"Piruna pirus",1,"Piruna pirus"
"615","Piruna polingi",24,"Piruna polingi",1,"Piruna polingi"
"616","Plebejus",15,"Plebejus",0,"Plebejus"
"617","Plebejus acmon",755,"Plebejus acmon",1,"Plebejus acmon"
"618","Plebejus emigdionis",10,"Plebejus emigdionis",1,"Plebejus emigdionis"
"619","Plebejus icarioides",536,"Plebejus icarioides",1,"Plebejus icarioides"
"620","Plebejus icarioides missionensis",1,"Plebejus icarioides missionensis",2,"Plebejus icarioides"
"621","Plebejus lupini",164,"Plebejus lupini",1,"Plebejus lupini"
"622","Plebejus neurona",15,"Plebejus neurona",1,"Plebejus neurona"
"623","Plebejus saepiolus",519,"Plebejus saepiolus",1,"Plebejus saepiolus"
"624","Plebejus shasta",39,"Plebejus shasta",1,"Plebejus shasta"
"625","Poanes",3,"Poanes",0,"Poanes"
"626","Poanes aaroni",135,"Poanes aaroni",1,"Poanes aaroni"
"627","Poanes hobomok",1085,"Poanes hobomok",1,"Poanes hobomok"
"628","Poanes massasoit",670,"Poanes massasoit",1,"Poanes massasoit"
"629","Poanes melane",231,"Poanes melane",1,"Poanes melane"
"630","Poanes taxiles",144,"Poanes taxiles",1,"Poanes taxiles"
"631","Poanes viator",907,"Poanes viator",1,"Poanes viator"
"632","Poanes yehl",145,"Poanes yehl",1,"Poanes yehl"
"633","Poanes zabulon",1244,"Poanes zabulon",1,"Poanes zabulon"
"634","Poladryas arachne",42,"Poladryas arachne",1,"Poladryas arachne"
"635","Polites",12,"Polites",0,"Polites"
"636","Polites baracoa",90,"Polites baracoa",1,"Polites baracoa"
"637","Polites carus",21,"Polites carus",1,"Polites carus"
"638","Polites draco",51,"Polites draco",1,"Polites draco"
"639","Polites mystic",1338,"Polites mystic",1,"Polites mystic"
"640","Polites origenes",1590,"Polites origenes",1,"Polites origenes"
"641","Polites peckius",2089,"Polites peckius",1,"Polites peckius"
"642","Polites rhesus",1,"Polites rhesus",1,"Polites rhesus"
"643","Polites sabuleti",169,"Polites sabuleti",1,"Polites sabuleti"
"644","Polites sonora",171,"Polites sonora",1,"Polites sonora"
"645","Polites themistocles",2490,"Polites themistocles",1,"Polites themistocles"
"646","Polites vibex",1264,"Polites vibex",1,"Polites vibex"
"647","Polyctor enops",1,"Polyctor enops",1,"Polyctor enops"
"648","Polygonia",582,"Polygonia",0,"Polygonia"
"649","Polygonia comma",2839,"Polygonia comma",1,"Polygonia comma"
"650","Polygonia faunus",216,"Polygonia faunus",1,"Polygonia faunus"
"651","Polygonia gracilis",198,"Polygonia gracilis",1,"Polygonia gracilis"
"652","Polygonia gracilis zephyrus",108,"Polygonia gracilis zephyrus",2,"Polygonia gracilis"
"653","Polygonia interrogationis",3743,"Polygonia interrogationis",1,"Polygonia interrogationis"
"654","Polygonia oreas",36,"Polygonia oreas",1,"Polygonia oreas"
"655","Polygonia progne",662,"Polygonia progne",1,"Polygonia progne"
"656","Polygonia satyrus",428,"Polygonia satyrus",1,"Polygonia satyrus"
"657","Polygonus leo",132,"Polygonus leo",1,"Polygonus leo"
"658","Polyommatinae",670,"Polyommatinae",0,"Polyommatinae"
"659","Pompeius verna",2591,"Pompeius verna",1,"Pompeius verna"
"660","Pontia",19,"Pontia",0,"Pontia"
"661","Pontia beckerii",269,"Pontia beckerii",1,"Pontia beckerii"
"662","Pontia occidentalis",376,"Pontia occidentalis",1,"Pontia occidentalis"
"663","Pontia protodice",1701,"Pontia protodice",1,"Pontia protodice"
"664","Pontia sisymbrii",82,"Pontia sisymbrii",1,"Pontia sisymbrii"
"665","Problema",1,"Problema",0,"Problema"
"666","Problema bulenta",59,"Problema bulenta",1,"Problema bulenta"
"667","Problema byssus",295,"Problema byssus",1,"Problema byssus"
"668","Proteides mercurius",1,"Proteides mercurius",1,"Proteides mercurius"
"669","Pseudocopaeodes eunus",8,"Pseudocopaeodes eunus",1,"Pseudocopaeodes eunus"
"670","Pyrginae",80,"Pyrginae",0,"Pyrginae"
"671","Pyrgus",1040,"Pyrgus",0,"Pyrgus"
"672","Pyrgus albescens",164,"Pyrgus albescens",1,"Pyrgus albescens"
"673","Pyrgus centaureae",10,"Pyrgus centaureae",1,"Pyrgus centaureae"
"674","Pyrgus communis",2121,"Pyrgus communis",1,"Pyrgus communis"
"675","Pyrgus oileus",1204,"Pyrgus oileus",1,"Pyrgus oileus"
"676","Pyrgus philetas",141,"Pyrgus philetas",1,"Pyrgus philetas"
"677","Pyrgus ruralis",79,"Pyrgus ruralis",1,"Pyrgus ruralis"
"678","Pyrgus scriptura",60,"Pyrgus scriptura",1,"Pyrgus scriptura"
"679","Pyrgus xanthus",4,"Pyrgus xanthus",1,"Pyrgus xanthus"
"680","Pyrrhopyge araxes",44,"Pyrrhopyge araxes",1,"Pyrrhopyge araxes"
"681","Quasimellana eulogius",25,"Quasimellana eulogius",1,"Quasimellana eulogius"
"682","Quinta cannae",1,"Quinta cannae",1,"Quinta cannae"
"683","Rekoa marius",5,"Rekoa marius",1,"Rekoa marius"
"684","Remella",3,"Remella",0,"Remella"
"685","Remella remus",2,"Remella remus",1,"Remella remus"
"686","Remella rita",3,"Remella rita",1,"Remella rita"
"687","Rhinthon osca",1,"Rhinthon osca",1,"Rhinthon osca"
"688","Riodinidae",3,"Riodinidae",0,"Riodinidae"
"689","Satyrinae",129,"Satyrinae",0,"Satyrinae"
"690","Satyrium",82,"Satyrium",0,"Satyrium"
"691","Satyrium acadica",596,"Satyrium acadica",1,"Satyrium acadica"
"692","Satyrium auretorum",57,"Satyrium auretorum",1,"Satyrium auretorum"
"693","Satyrium behrii",156,"Satyrium behrii",1,"Satyrium behrii"
"694","Satyrium calanus",1957,"Satyrium calanus",1,"Satyrium calanus"
"695","Satyrium californica",247,"Satyrium californica",1,"Satyrium californica"
"696","Satyrium caryaevorum",455,"Satyrium caryaevorum",1,"Satyrium caryaevorum"
"697","Satyrium edwardsii",618,"Satyrium edwardsii",1,"Satyrium edwardsii"
"698","Satyrium favonius",30,"Satyrium favonius",1,"Satyrium favonius"
"699","Satyrium favonius favonius",66,"Satyrium favonius favonius",2,"Satyrium favonius"
"700","Satyrium favonius ontario",39,"Satyrium favonius ontario",2,"Satyrium favonius"
"701","Satyrium fuliginosa",74,"Satyrium fuliginosa",1,"Satyrium fuliginosa"
"702","Satyrium kingi",27,"Satyrium kingi",1,"Satyrium kingi"
"703","Satyrium liparops",992,"Satyrium liparops",1,"Satyrium liparops"
"704","Satyrium polingi",2,"Satyrium polingi",1,"Satyrium polingi"
"705","Satyrium saepium",282,"Satyrium saepium",1,"Satyrium saepium"
"706","Satyrium sylvinus",216,"Satyrium sylvinus",1,"Satyrium sylvinus"
"707","Satyrium tetra",103,"Satyrium tetra",1,"Satyrium tetra"
"708","Satyrium titus",1622,"Satyrium titus",1,"Satyrium titus"
"709","Satyrodes",54,"Satyrodes",0,"Satyrodes"
"710","Satyrodes appalachia",1675,"Satyrodes appalachia",1,"Satyrodes appalachia"
"711","Satyrodes eurydice",1508,"Satyrodes eurydice",1,"Satyrodes eurydice"
"712","Siproeta stelenes",61,"Siproeta stelenes",1,"Siproeta stelenes"
"713","Smyrna blomfildia",1,"Smyrna blomfildia",1,"Smyrna blomfildia"
"714","Sostrata bifasciata",1,"Sostrata bifasciata",1,"Sostrata bifasciata"
"715","Spathilepia clonius",4,"Spathilepia clonius",1,"Spathilepia clonius"
"716","Speyeria",601,"Speyeria",0,"Speyeria"
"717","Speyeria adiaste",16,"Speyeria adiaste",1,"Speyeria adiaste"
"718","Speyeria aphrodite",1218,"Speyeria aphrodite",1,"Speyeria aphrodite"
"719","Speyeria atlantis",631,"Speyeria atlantis",1,"Speyeria atlantis"
"720","Speyeria atlantis atlantis",66,"Speyeria atlantis atlantis",2,"Speyeria atlantis"
"721","Speyeria atlantis hesperis",254,"Speyeria atlantis hesperis",2,"Speyeria atlantis"
"722","Speyeria callippe",419,"Speyeria callippe",1,"Speyeria callippe"
"723","Speyeria coronis",276,"Speyeria coronis",1,"Speyeria coronis"
"724","Speyeria cybele",4182,"Speyeria cybele",1,"Speyeria cybele"
"725","Speyeria cybele leto",4,"Speyeria cybele leto",2,"Speyeria cybele"
"726","Speyeria diana",193,"Speyeria diana",1,"Speyeria diana"
"727","Speyeria edwardsii",52,"Speyeria edwardsii",1,"Speyeria edwardsii"
"728","Speyeria egleis",148,"Speyeria egleis",1,"Speyeria egleis"
"729","Speyeria hydaspe",213,"Speyeria hydaspe",1,"Speyeria hydaspe"
"730","Speyeria idalia",184,"Speyeria idalia",1,"Speyeria idalia"
"731","Speyeria mormonia",174,"Speyeria mormonia",1,"Speyeria mormonia"
"732","Speyeria nokomis",4,"Speyeria nokomis",1,"Speyeria nokomis"
"733","Speyeria zerene",243,"Speyeria zerene",1,"Speyeria zerene"
"734","Staphylus",5,"Staphylus",0,"Staphylus"
"735","Staphylus ceos",105,"Staphylus ceos",1,"Staphylus ceos"
"736","Staphylus hayhurstii",345,"Staphylus hayhurstii",1,"Staphylus hayhurstii"
"737","Staphylus mazans",45,"Staphylus mazans",1,"Staphylus mazans"
"738","Staphylus tierra",1,"Staphylus tierra",1,"Staphylus tierra"
"739","Strymon",3,"Strymon",0,"Strymon"
"740","Strymon acis",36,"Strymon acis",1,"Strymon acis"
"741","Strymon albata",2,"Strymon albata",1,"Strymon albata"
"742","Strymon alea",2,"Strymon alea",1,"Strymon alea"
"743","Strymon bazochii",16,"Strymon bazochii",1,"Strymon bazochii"
"744","Strymon istapa",264,"Strymon istapa",1,"Strymon istapa"
"745","Strymon martialis",43,"Strymon martialis",1,"Strymon martialis"
"746","Strymon melinus",3999,"Strymon melinus",1,"Strymon melinus"
"747","Strymon rufofusca",2,"Strymon rufofusca",1,"Strymon rufofusca"
"748","Systasea pulverulenta",63,"Systasea pulverulenta",1,"Systasea pulverulenta"
"749","Systasea zampa",82,"Systasea zampa",1,"Systasea zampa"
"750","Texola elada",154,"Texola elada",1,"Texola elada"
"751","Theclinae",108,"Theclinae",0,"Theclinae"
"752","Thorybes",31,"Thorybes",0,"Thorybes"
"753","Thorybes bathyllus",1333,"Thorybes bathyllus",1,"Thorybes bathyllus"
"754","Thorybes confusis",272,"Thorybes confusis",1,"Thorybes confusis"
"755","Thorybes drusius",57,"Thorybes drusius",1,"Thorybes drusius"
"756","Thorybes mexicanus",76,"Thorybes mexicanus",1,"Thorybes mexicanus"
"757","Thorybes pylades",1984,"Thorybes pylades",1,"Thorybes pylades"
"758","Thymelicus lineola",2018,"Thymelicus lineola",1,"Thymelicus lineola"
"759","Timochares ruptifasciatus",25,"Timochares ruptifasciatus",1,"Timochares ruptifasciatus"
"760","Urbanus",21,"Urbanus",0,"Urbanus"
"761","Urbanus belli",1,"Urbanus belli",1,"Urbanus belli"
"762","Urbanus dorantes",431,"Urbanus dorantes",1,"Urbanus dorantes"
"763","Urbanus doryssus",3,"Urbanus doryssus",1,"Urbanus doryssus"
"764","Urbanus procne",48,"Urbanus procne",1,"Urbanus procne"
"765","Urbanus proteus",892,"Urbanus proteus",1,"Urbanus proteus"
"766","Urbanus simplicius",1,"Urbanus simplicius",1,"Urbanus simplicius"
"767","Urbanus teleus",12,"Urbanus teleus",1,"Urbanus teleus"
"768","Vacciniina optilete",6,"Vacciniina optilete",1,"Vacciniina optilete"
"769","Vanessa",241,"Vanessa",0,"Vanessa"
"770","Vanessa annabella",323,"Vanessa annabella",1,"Vanessa annabella"
"771","Vanessa atalanta",5055,"Vanessa atalanta",1,"Vanessa atalanta"
"772","Vanessa cardui",2990,"Vanessa cardui",1,"Vanessa cardui"
"773","Vanessa virginiensis",4113,"Vanessa virginiensis",1,"Vanessa virginiensis"
"774","Vidius perigenes",1,"Vidius perigenes",1,"Vidius perigenes"
"775","Wallengrenia",7,"Wallengrenia",0,"Wallengrenia"
"776","Wallengrenia egeremet",2699,"Wallengrenia egeremet",1,"Wallengrenia egeremet"
"777","Wallengrenia otho",1065,"Wallengrenia otho",1,"Wallengrenia otho"
"778","Zera hyacinthinus",2,"Zera hyacinthinus",1,"Zera hyacinthinus"
"779","Zestusa dorus",13,"Zestusa dorus",1,"Zestusa dorus"
"780","Zizula cyna",15,"Zizula cyna",1,"Zizula cyna"
